Geo Point;Geo Shape;Signalierung;Überdachung;Adresse;Zutriet
47.41157438907864,9.30485004049729;"{""coordinates"": [9.30485004049729, 47.41157438907864], ""type"": ""Point""}";Keine Signalisierung;gedeckt;Gründenstrasse 8;öffentlich
47.407850736205056,9.306121928053141;"{""coordinates"": [9.306121928053141, 47.407850736205056], ""type"": ""Point""}";Keine Signalisierung;gedeckt;Zürcher Strasse 462;öffentlich
47.40819995560916,9.306750558010233;"{""coordinates"": [9.306750558010233, 47.40819995560916], ""type"": ""Point""}";Keine Signalisierung;gedeckt;Zürcher Strasse 462;öffentlich
47.426404394410966,9.374120966070961;"{""coordinates"": [9.374120966070961, 47.426404394410966], ""type"": ""Point""}";Keine Signalisierung;ungedeckt;Unterer Graben 1;öffentlich
47.42651149686585,9.375860654325894;"{""coordinates"": [9.375860654325894, 47.42651149686585], ""type"": ""Point""}";Keine Signalisierung;ungedeckt;Metzgergasse 2;öffentlich
47.42463987354448,9.377423031679642;"{""coordinates"": [9.377423031679642, 47.42463987354448], ""type"": ""Point""}";P nur Zweiradfahrzeuge;ungedeckt;Turmgasse 6;öffentlich
47.42504847514568,9.37869840543537;"{""coordinates"": [9.37869840543537, 47.42504847514568], ""type"": ""Point""}";P nur Velo;ungedeckt;Brühlgasse 38;öffentlich
47.40739368861825,9.329704577879694;"{""coordinates"": [9.329704577879694, 47.40739368861825], ""type"": ""Point""}";Keine Signalisierung;gedeckt;Stationsstrasse 22;öffentlich
47.42446454817026,9.371229991620122;"{""coordinates"": [9.371229991620122, 47.42446454817026], ""type"": ""Point""}";P nur Velo;ungedeckt;Poststrasse 26;öffentlich
47.42221165521229,9.373078952997037;"{""coordinates"": [9.373078952997037, 47.42221165521229], ""type"": ""Point""}";P nur Zweiradfahrzeuge;ungedeckt;Schreinerstrasse 3;öffentlich
47.42341910745755,9.373831585501295;"{""coordinates"": [9.373831585501295, 47.42341910745755], ""type"": ""Point""}";P nur Velo;ungedeckt;Vadianstrasse 2;öffentlich
47.427240738424004,9.374205525963303;"{""coordinates"": [9.374205525963303, 47.427240738424004], ""type"": ""Point""}";Keine Signalisierung;ungedeckt;Unterer Graben 17;öffentlich
47.424745798638035,9.379977525802971;"{""coordinates"": [9.379977525802971, 47.424745798638035], ""type"": ""Point""}";P nur Zweiradfahrzeuge;ungedeckt;Obere Büschenstrasse 4;öffentlich
47.4308666139597,9.390191656779614;"{""coordinates"": [9.390191656779614, 47.4308666139597], ""type"": ""Point""}";P nur Velo;ungedeckt;Greithstrasse 5;öffentlich
47.438098419924344,9.393750964528802;"{""coordinates"": [9.393750964528802, 47.438098419924344], ""type"": ""Point""}";Keine Signalisierung;gedeckt;Hodlerstrasse 17;öffentlich
47.44178772119782,9.395794433622832;"{""coordinates"": [9.395794433622832, 47.44178772119782], ""type"": ""Point""}";Keine Signalisierung;ungedeckt;Lettenstrasse 18;öffentlich
47.434775341269116,9.398130026822633;"{""coordinates"": [9.398130026822633, 47.434775341269116], ""type"": ""Point""}";Keine Signalisierung;gedeckt;Lindenstrasse 105;öffentlich
47.444743044261706,9.409635864551978;"{""coordinates"": [9.409635864551978, 47.444743044261706], ""type"": ""Point""}";Keine Signalisierung;gedeckt;Zilstrasse 63;öffentlich
47.44519271163255,9.411596246897412;"{""coordinates"": [9.411596246897412, 47.44519271163255], ""type"": ""Point""}";Keine Signalisierung;gedeckt;Brauerstrasse 95;öffentlich
47.419759374143915,9.384170154268418;"{""coordinates"": [9.384170154268418, 47.419759374143915], ""type"": ""Point""}";P nur Zweiradfahrzeuge;ungedeckt;Bitzistrasse 30;öffentlich
47.42566286667398,9.38495532085617;"{""coordinates"": [9.38495532085617, 47.42566286667398], ""type"": ""Point""}";Keine Signalisierung;ungedeckt;Linsebühlstrasse 94;öffentlich
47.432091960862195,9.374241023878959;"{""coordinates"": [9.374241023878959, 47.432091960862195], ""type"": ""Point""}";Keine Signalisierung;ungedeckt;Dufourstrasse 50;öffentlich
47.419071646948794,9.361017304298992;"{""coordinates"": [9.361017304298992, 47.419071646948794], ""type"": ""Point""}";Keine Signalisierung;gedeckt;Burgstrasse 40;öffentlich
47.42470580286499,9.371296963027332;"{""coordinates"": [9.371296963027332, 47.42470580286499], ""type"": ""Point""}";P nur Velo;gedeckt;Poststrasse 28;öffentlich
47.42371690472459,9.372142076514287;"{""coordinates"": [9.372142076514287, 47.42371690472459], ""type"": ""Point""}";Keine Signalisierung;ungedeckt;Merkurstrasse 4;öffentlich
47.44151462842344,9.409905508605085;"{""coordinates"": [9.409905508605085, 47.44151462842344], ""type"": ""Point""}";Keine Signalisierung;gedeckt;Brauerstrasse 78;öffentlich
47.42606948125208,9.382603234744272;"{""coordinates"": [9.382603234744272, 47.42606948125208], ""type"": ""Point""}";Keine Signalisierung;gedeckt;Lämmlisbrunnenstrasse 54;öffentlich
47.42274477795432,9.367447366944202;"{""coordinates"": [9.367447366944202, 47.42274477795432], ""type"": ""Point""}";P nur Velo;gedeckt;Rosenbergstrasse 59;öffentlich
47.42017290159557,9.361907564957665;"{""coordinates"": [9.361907564957665, 47.42017290159557], ""type"": ""Point""}";Keine Signalisierung;gedeckt;Bogenstrasse 10;öffentlich
47.42186374901744,9.365292088752712;"{""coordinates"": [9.365292088752712, 47.42186374901744], ""type"": ""Point""}";Keine Signalisierung;ungedeckt;Lagerstrasse 18;öffentlich
47.42619836220004,9.374828968728021;"{""coordinates"": [9.374828968728021, 47.42619836220004], ""type"": ""Point""}";P nur Velo;ungedeckt;Engelgasse 22;öffentlich
47.43727180413949,9.39094371077317;"{""coordinates"": [9.39094371077317, 47.43727180413949], ""type"": ""Point""}";P nur Velo;gedeckt;Heimatstrasse 9;öffentlich
47.42427208091751,9.362660628632518;"{""coordinates"": [9.362660628632518, 47.42427208091751], ""type"": ""Point""}";P nur Velo;gedeckt;Höhenweg 64;öffentlich
47.41214307917045,9.333100638347874;"{""coordinates"": [9.333100638347874, 47.41214307917045], ""type"": ""Point""}";P nur Velo;gedeckt;Zürcher Strasse 226;öffentlich
47.424241525569606,9.359818474108904;"{""coordinates"": [9.359818474108904, 47.424241525569606], ""type"": ""Point""}";P nur Velo;ungedeckt;Dietlistrasse 15;öffentlich
47.42046510316346,9.352488394371733;"{""coordinates"": [9.352488394371733, 47.42046510316346], ""type"": ""Point""}";P nur Velo;ungedeckt;Gerbeweg 15;öffentlich
47.42500045427283,9.38645783494941;"{""coordinates"": [9.38645783494941, 47.42500045427283], ""type"": ""Point""}";P nur Velo;gedeckt;Molkenstrasse 1;öffentlich
47.43101424652524,9.395836815668025;"{""coordinates"": [9.395836815668025, 47.43101424652524], ""type"": ""Point""}";P nur Velo;ungedeckt;Rorschacher Strasse 152;öffentlich
47.423144735745105,9.373052064734285;"{""coordinates"": [9.373052064734285, 47.423144735745105], ""type"": ""Point""}";P nur Velo;gedeckt;Vadianstrasse 6;öffentlich
47.43425637838444,9.410848848305085;"{""coordinates"": [9.410848848305085, 47.43425637838444], ""type"": ""Point""}";P nur Velo;gedeckt;Oberhaldenstrasse 15;öffentlich
47.41737902448463,9.383369285977302;"{""coordinates"": [9.383369285977302, 47.41737902448463], ""type"": ""Point""}";Keine Signalisierung;gedeckt;Hebelstrasse 21;öffentlich
47.41683711128677,9.34742446550126;"{""coordinates"": [9.34742446550126, 47.41683711128677], ""type"": ""Point""}";Keine Signalisierung;ungedeckt;Schönaustrasse 82;öffentlich
47.42093922783797,9.359971753899247;"{""coordinates"": [9.359971753899247, 47.42093922783797], ""type"": ""Point""}";P nur Velo;ungedeckt;Kreuzbleicheweg 2;öffentlich
47.42303233458097,9.374583408162623;"{""coordinates"": [9.374583408162623, 47.42303233458097], ""type"": ""Point""}";P nur Velo;ungedeckt;Oberer Graben 31;öffentlich
47.403890585340314,9.302065148721697;"{""coordinates"": [9.302065148721697, 47.403890585340314], ""type"": ""Point""}";Keine Signalisierung;gedeckt;Letzistrasse 4;öffentlich
47.40824940430693,9.303687625550577;"{""coordinates"": [9.303687625550577, 47.40824940430693], ""type"": ""Point""}";Keine Signalisierung;gedeckt;Zürcher Strasse 462;öffentlich
47.42506586378511,9.374489949719823;"{""coordinates"": [9.374489949719823, 47.42506586378511], ""type"": ""Point""}";P nur Zweiradfahrzeuge;ungedeckt;Neugasse 30;öffentlich
47.42658881561361,9.376168280654461;"{""coordinates"": [9.376168280654461, 47.42658881561361], ""type"": ""Point""}";Keine Signalisierung;ungedeckt;Goliathgasse 6;öffentlich
47.42429953153834,9.379220369780274;"{""coordinates"": [9.379220369780274, 47.42429953153834], ""type"": ""Point""}";P nur Zweiradfahrzeuge;ungedeckt;Zeughausgasse 22;öffentlich
47.412388966533385,9.336132880325358;"{""coordinates"": [9.336132880325358, 47.412388966533385], ""type"": ""Point""}";Keine Signalisierung;gedeckt;Zürcher Strasse 204;öffentlich
47.417440544648926,9.347446688404883;"{""coordinates"": [9.347446688404883, 47.417440544648926], ""type"": ""Point""}";Keine Signalisierung;gedeckt;Schönauweg 4;öffentlich
47.42039279763147,9.371069529123195;"{""coordinates"": [9.371069529123195, 47.42039279763147], ""type"": ""Point""}";Keine Signalisierung;ungedeckt;Teufener Strasse 11;öffentlich
47.42266661920464,9.37232780141542;"{""coordinates"": [9.37232780141542, 47.42266661920464], ""type"": ""Point""}";Keine Signalisierung;gedeckt;Vadianstrasse 14;öffentlich
47.424800576611226,9.373752869153867;"{""coordinates"": [9.373752869153867, 47.424800576611226], ""type"": ""Point""}";Keine Signalisierung;ungedeckt;Oberer Graben 12;öffentlich
47.4257727825455,9.380853975328975;"{""coordinates"": [9.380853975328975, 47.4257727825455], ""type"": ""Point""}";Keine Signalisierung;gedeckt;Burggraben 21;öffentlich
47.425624139834675,9.381572939591747;"{""coordinates"": [9.381572939591747, 47.425624139834675], ""type"": ""Point""}";Keine Signalisierung;ungedeckt;Untere Büschenstrasse;öffentlich
47.42990778781422,9.381976941426593;"{""coordinates"": [9.381976941426593, 47.42990778781422], ""type"": ""Point""}";Keine Signalisierung;gedeckt;Sonnenstrasse 16;öffentlich
47.4302205319543,9.391119036801097;"{""coordinates"": [9.391119036801097, 47.4302205319543], ""type"": ""Point""}";Keine Signalisierung;ungedeckt;Scheibenackerstrasse 2;öffentlich
47.435523800648234,9.392412773515664;"{""coordinates"": [9.392412773515664, 47.435523800648234], ""type"": ""Point""}";P nur Velo;gedeckt;Bachstrasse 29;öffentlich
47.43435802664981,9.392808946440235;"{""coordinates"": [9.392808946440235, 47.43435802664981], ""type"": ""Point""}";Keine Signalisierung;gedeckt;Untere Lindentalstrasse 6;öffentlich
47.43101049260864,9.39483034414687;"{""coordinates"": [9.39483034414687, 47.43101049260864], ""type"": ""Point""}";Keine Signalisierung;gedeckt;Rorschacher Strasse 150;öffentlich
47.44120686473861,9.403570549156784;"{""coordinates"": [9.403570549156784, 47.44120686473861], ""type"": ""Point""}";Keine Signalisierung;ungedeckt;Kesselhaldenstrasse 28e;öffentlich
47.43545475414095,9.41137806603612;"{""coordinates"": [9.41137806603612, 47.43545475414095], ""type"": ""Point""}";Keine Signalisierung;gedeckt;Oberhaldenstrasse 23a;öffentlich
47.437620076093744,9.413445151530881;"{""coordinates"": [9.413445151530881, 47.437620076093744], ""type"": ""Point""}";P nur Velo;gedeckt;Favrestrasse 6;öffentlich
47.42753841570328,9.373907406102212;"{""coordinates"": [9.373907406102212, 47.42753841570328], ""type"": ""Point""}";Keine Signalisierung;ungedeckt;Tigerbergstrasse 2;öffentlich
47.4195482923341,9.379859726271453;"{""coordinates"": [9.379859726271453, 47.4195482923341], ""type"": ""Point""}";Keine Signalisierung;gedeckt;St.Georgen-Strasse 43;öffentlich
47.42475147177877,9.386215399447792;"{""coordinates"": [9.386215399447792, 47.42475147177877], ""type"": ""Point""}";Keine Signalisierung;ungedeckt;Speicherstrasse 34;öffentlich
47.430889895971845,9.38673750479613;"{""coordinates"": [9.38673750479613, 47.430889895971845], ""type"": ""Point""}";P nur Velo;gedeckt;Spitalstrasse;öffentlich
47.42314727223504,9.390821952689537;"{""coordinates"": [9.390821952689537, 47.42314727223504], ""type"": ""Point""}";Keine Signalisierung;ungedeckt;Dreilindenstrasse 50;öffentlich
47.412881499782884,9.369051328464744;"{""coordinates"": [9.369051328464744, 47.412881499782884], ""type"": ""Point""}";Keine Signalisierung;gedeckt;Demutstrasse 113;öffentlich
47.42258018225294,9.37367662722146;"{""coordinates"": [9.37367662722146, 47.42258018225294], ""type"": ""Point""}";Keine Signalisierung;ungedeckt;Frongartenstrasse 9;öffentlich
47.430707859778295,9.38240012182381;"{""coordinates"": [9.38240012182381, 47.430707859778295], ""type"": ""Point""}";Keine Signalisierung;gedeckt;Notkerstrasse 27;öffentlich
47.43773184639514,9.40485860089345;"{""coordinates"": [9.40485860089345, 47.43773184639514], ""type"": ""Point""}";Keine Signalisierung;gedeckt;Brauerstrasse 54;öffentlich
47.44362590980375,9.415238000495073;"{""coordinates"": [9.415238000495073, 47.44362590980375], ""type"": ""Point""}";Keine Signalisierung;gedeckt;Rorschacher Strasse 286;öffentlich
47.41563709411943,9.314862789793747;"{""coordinates"": [9.314862789793747, 47.41563709411943], ""type"": ""Point""}";Keine Signalisierung;gedeckt;Gaiserwaldstrasse 7;öffentlich
47.43172749013177,9.375560609101713;"{""coordinates"": [9.375560609101713, 47.43172749013177], ""type"": ""Point""}";Keine Signalisierung;ungedeckt;Dufourstrasse 50a;öffentlich
47.39929668455373,9.3116595375211;"{""coordinates"": [9.3116595375211, 47.39929668455373], ""type"": ""Point""}";Keine Signalisierung;ungedeckt;Gübsenstrasse 36;öffentlich
47.41814545031512,9.381612065176386;"{""coordinates"": [9.381612065176386, 47.41814545031512], ""type"": ""Point""}";Keine Signalisierung;ungedeckt;Gellertstrasse;öffentlich
47.425821050634454,9.3858060906929;"{""coordinates"": [9.3858060906929, 47.425821050634454], ""type"": ""Point""}";Keine Signalisierung;ungedeckt;Hügelstrasse 10;öffentlich
47.420131219206645,9.37509518005597;"{""coordinates"": [9.37509518005597, 47.420131219206645], ""type"": ""Point""}";Keine Signalisierung;ungedeckt;Berneggstrasse 38;öffentlich
47.42438984857554,9.382437917218253;"{""coordinates"": [9.382437917218253, 47.42438984857554], ""type"": ""Point""}";Keine Signalisierung;ungedeckt;Rotachstrasse 14;öffentlich
47.43407707490997,9.384519772115341;"{""coordinates"": [9.384519772115341, 47.43407707490997], ""type"": ""Point""}";Keine Signalisierung;ungedeckt;Langgasse 6;öffentlich
47.42914200837641,9.381705221095077;"{""coordinates"": [9.381705221095077, 47.42914200837641], ""type"": ""Point""}";Keine Signalisierung;ungedeckt;Notkerstrasse 22;öffentlich
47.413431955106404,9.363042115527644;"{""coordinates"": [9.363042115527644, 47.413431955106404], ""type"": ""Point""}";Keine Signalisierung;ungedeckt;Hochwachtstrasse 6;öffentlich
47.42232140397121,9.370537160999552;"{""coordinates"": [9.370537160999552, 47.42232140397121], ""type"": ""Point""}";P nur Velo;ungedeckt;St.Leonhard-Strasse 35;öffentlich
47.41718761687235,9.360355331500912;"{""coordinates"": [9.360355331500912, 47.41718761687235], ""type"": ""Point""}";Keine Signalisierung;ungedeckt;Grenzstrasse 10;öffentlich
47.42415542847045,9.378417689824175;"{""coordinates"": [9.378417689824175, 47.42415542847045], ""type"": ""Point""}";Keine Signalisierung;gedeckt;Zeughausgasse 10;öffentlich
47.421325882079365,9.352256524354072;"{""coordinates"": [9.352256524354072, 47.421325882079365], ""type"": ""Point""}";P nur Velo;ungedeckt;Lilienstrasse 17;öffentlich
47.42122967748416,9.366127829182512;"{""coordinates"": [9.366127829182512, 47.42122967748416], ""type"": ""Point""}";P nur Velo;gedeckt;Grünbergstrasse 7;öffentlich
47.421800318925385,9.365576173512984;"{""coordinates"": [9.365576173512984, 47.421800318925385], ""type"": ""Point""}";P nur Velo;ungedeckt;Grünbergstrasse 7;öffentlich
47.42237765538388,9.373880779594227;"{""coordinates"": [9.373880779594227, 47.42237765538388], ""type"": ""Point""}";P nur Velo;gedeckt;Oberer Graben 32;öffentlich
47.4320084132008,9.389082684348004;"{""coordinates"": [9.389082684348004, 47.4320084132008], ""type"": ""Point""}";P nur Velo;gedeckt;Spitalstrasse;öffentlich
47.430406571177414,9.394263366369987;"{""coordinates"": [9.394263366369987, 47.430406571177414], ""type"": ""Point""}";Keine Signalisierung;gedeckt;Falkensteinstrasse 34;öffentlich
47.41733854619297,9.362792620869053;"{""coordinates"": [9.362792620869053, 47.41733854619297], ""type"": ""Point""}";P nur Velo;gedeckt;Güterbahnhofstrasse;öffentlich
47.40366576630173,9.301411424803836;"{""coordinates"": [9.301411424803836, 47.40366576630173], ""type"": ""Point""}";Keine Signalisierung;gedeckt;Letzistrasse 4;öffentlich
47.425584339968275,9.375921632018235;"{""coordinates"": [9.375921632018235, 47.425584339968275], ""type"": ""Point""}";P nur Velo;ungedeckt;Neugasse 1;öffentlich
47.427242312514124,9.376225458228749;"{""coordinates"": [9.376225458228749, 47.427242312514124], ""type"": ""Point""}";Keine Signalisierung;ungedeckt;Magnihalden 9;öffentlich
47.42243689729952,9.376786799694013;"{""coordinates"": [9.376786799694013, 47.42243689729952], ""type"": ""Point""}";P nur Zweiradfahrzeuge;ungedeckt;St.Georgen-Strasse 3;öffentlich
47.42692491927375,9.377323817935084;"{""coordinates"": [9.377323817935084, 47.42692491927375], ""type"": ""Point""}";Keine Signalisierung;ungedeckt;Katharinengasse 10;öffentlich
47.41079763264778,9.338382157532328;"{""coordinates"": [9.338382157532328, 47.41079763264778], ""type"": ""Point""}";Keine Signalisierung;gedeckt;Fürstenlandstrasse 149;öffentlich
47.41603555083267,9.347201446112846;"{""coordinates"": [9.347201446112846, 47.41603555083267], ""type"": ""Point""}";Keine Signalisierung;gedeckt;Zürcher Strasse 99;öffentlich
47.41510772482581,9.353807360324573;"{""coordinates"": [9.353807360324573, 47.41510772482581], ""type"": ""Point""}";Keine Signalisierung;ungedeckt;Fürstenlandstrasse 17;öffentlich
47.42247169370761,9.37190083416713;"{""coordinates"": [9.37190083416713, 47.42247169370761], ""type"": ""Point""}";P nur Velo;ungedeckt;Kornhausstrasse 15;öffentlich
47.425284603592544,9.373099560152552;"{""coordinates"": [9.373099560152552, 47.425284603592544], ""type"": ""Point""}";Keine Signalisierung;ungedeckt;Aeusseres Hofgässlein 4;öffentlich
47.4262956776159,9.373612754056559;"{""coordinates"": [9.373612754056559, 47.4262956776159], ""type"": ""Point""}";Keine Signalisierung;ungedeckt;Blumenbergplatz 3;öffentlich
47.42648271365158,9.380644202686451;"{""coordinates"": [9.380644202686451, 47.42648271365158], ""type"": ""Point""}";Keine Signalisierung;gedeckt;Rorschacher Strasse 25;öffentlich
47.42598007122719,9.380648320787966;"{""coordinates"": [9.380648320787966, 47.42598007122719], ""type"": ""Point""}";Keine Signalisierung;ungedeckt;Burggraben 21;öffentlich
47.42475138207368,9.381252544449334;"{""coordinates"": [9.381252544449334, 47.42475138207368], ""type"": ""Point""}";P nur Velo;ungedeckt;Lämmlisbrunnenstrasse 22;öffentlich
47.425565212961516,9.381443263931294;"{""coordinates"": [9.381443263931294, 47.425565212961516], ""type"": ""Point""}";Keine Signalisierung;gedeckt;Untere Büschenstrasse;öffentlich
47.43065863342101,9.38260795515063;"{""coordinates"": [9.38260795515063, 47.43065863342101], ""type"": ""Point""}";P nur Zweiradfahrzeuge;ungedeckt;Parkstrasse 14;öffentlich
47.43711271511113,9.37624015836067;"{""coordinates"": [9.37624015836067, 47.43711271511113], ""type"": ""Point""}";Keine Signalisierung;gedeckt;Holzstrasse 5;öffentlich
47.44250040789777,9.394943886340672;"{""coordinates"": [9.394943886340672, 47.44250040789777], ""type"": ""Point""}";Keine Signalisierung;gedeckt;Langgasse 121;öffentlich
47.43415033461663,9.397483657326866;"{""coordinates"": [9.397483657326866, 47.43415033461663], ""type"": ""Point""}";Keine Signalisierung;gedeckt;Buchentalstrasse 9;öffentlich
47.4337206414542,9.40463184669361;"{""coordinates"": [9.40463184669361, 47.4337206414542], ""type"": ""Point""}";Keine Signalisierung;ungedeckt;Grütlistrasse 27;öffentlich
47.43853215066655,9.405749656690814;"{""coordinates"": [9.405749656690814, 47.43853215066655], ""type"": ""Point""}";Keine Signalisierung;ungedeckt;Lindenstrasse 175;öffentlich
47.42068133937145,9.35900709170933;"{""coordinates"": [9.35900709170933, 47.42068133937145], ""type"": ""Point""}";Keine Signalisierung;gedeckt;Kreuzbleicheweg 4;öffentlich
47.417053561860534,9.360706803584891;"{""coordinates"": [9.360706803584891, 47.417053561860534], ""type"": ""Point""}";Keine Signalisierung;ungedeckt;Paradiesstrasse 40;öffentlich
47.4319549709698,9.382286419050027;"{""coordinates"": [9.382286419050027, 47.4319549709698], ""type"": ""Point""}";Keine Signalisierung;ungedeckt;St.Jakob-Strasse 82;öffentlich
47.42843109359919,9.38442954260514;"{""coordinates"": [9.38442954260514, 47.42843109359919], ""type"": ""Point""}";Keine Signalisierung;ungedeckt;Volksbadstrasse 4;öffentlich
47.43095093695182,9.386131723650948;"{""coordinates"": [9.386131723650948, 47.43095093695182], ""type"": ""Point""}";Keine Signalisierung;gedeckt;Spitalstrasse;öffentlich
47.430851379974094,9.388260891321853;"{""coordinates"": [9.388260891321853, 47.430851379974094], ""type"": ""Point""}";P nur Velo;gedeckt;Spitalstrasse;öffentlich
47.431694889524124,9.388492740178492;"{""coordinates"": [9.388492740178492, 47.431694889524124], ""type"": ""Point""}";Keine Signalisierung;gedeckt;Spitalstrasse;öffentlich
47.42466070413072,9.382461169956281;"{""coordinates"": [9.382461169956281, 47.42466070413072], ""type"": ""Point""}";Keine Signalisierung;ungedeckt;Linsebühlstrasse 45;öffentlich
47.431100352737175,9.386686658202041;"{""coordinates"": [9.386686658202041, 47.431100352737175], ""type"": ""Point""}";P nur Velo;gedeckt;Spitalstrasse;öffentlich
47.42125670256687,9.37421591022927;"{""coordinates"": [9.37421591022927, 47.42125670256687], ""type"": ""Point""}";P nur Zweiradfahrzeuge;ungedeckt;Kapellenstrasse 3;öffentlich
47.4322441082829,9.390162636707561;"{""coordinates"": [9.390162636707561, 47.4322441082829], ""type"": ""Point""}";Keine Signalisierung;gedeckt;Greithstrasse 21;öffentlich
47.435128149635624,9.403721425537169;"{""coordinates"": [9.403721425537169, 47.435128149635624], ""type"": ""Point""}";Keine Signalisierung;gedeckt;Grütlistrasse 1;öffentlich
47.432083826434784,9.39091356054467;"{""coordinates"": [9.39091356054467, 47.432083826434784], ""type"": ""Point""}";Keine Signalisierung;ungedeckt;Greithstrasse 20;öffentlich
47.43657015609255,9.408137461669357;"{""coordinates"": [9.408137461669357, 47.43657015609255], ""type"": ""Point""}";Keine Signalisierung;ungedeckt;Martinsbruggstrasse 22;öffentlich
47.4201911946092,9.36882699886277;"{""coordinates"": [9.36882699886277, 47.4201911946092], ""type"": ""Point""}";Keine Signalisierung;ungedeckt;Davidstrasse 27;öffentlich
47.435705893990836,9.37437836230401;"{""coordinates"": [9.37437836230401, 47.435705893990836], ""type"": ""Point""}";Keine Signalisierung;ungedeckt;Waldgutstrasse 9;öffentlich
47.42633202003974,9.383085546154293;"{""coordinates"": [9.383085546154293, 47.42633202003974], ""type"": ""Point""}";Keine Signalisierung;gedeckt;Sternackerstrasse 3;öffentlich
47.41907502775155,9.37076268171353;"{""coordinates"": [9.37076268171353, 47.41907502775155], ""type"": ""Point""}";Keine Signalisierung;ungedeckt;Felsenstrasse 90;öffentlich
47.41945593369228,9.371823333700906;"{""coordinates"": [9.371823333700906, 47.41945593369228], ""type"": ""Point""}";P nur Zweiradfahrzeuge;ungedeckt;Felsenstrasse 79;öffentlich
47.43432637412731,9.384784288289682;"{""coordinates"": [9.384784288289682, 47.43432637412731], ""type"": ""Point""}";Keine Signalisierung;ungedeckt;Langgasse 10;öffentlich
47.403220532042695,9.326886308077519;"{""coordinates"": [9.326886308077519, 47.403220532042695], ""type"": ""Point""}";Keine Signalisierung;ungedeckt;Hinterberg 61;öffentlich
47.4410405548597,9.403446802509434;"{""coordinates"": [9.403446802509434, 47.4410405548597], ""type"": ""Point""}";Keine Signalisierung;ungedeckt;Kesselhaldenstrasse 28e;öffentlich
47.4285580273093,9.378391825353248;"{""coordinates"": [9.378391825353248, 47.4285580273093], ""type"": ""Point""}";Keine Signalisierung;ungedeckt;Blumenaustrasse 39;öffentlich
47.422416990296526,9.369446446344766;"{""coordinates"": [9.369446446344766, 47.422416990296526], ""type"": ""Point""}";P nur Velo;gedeckt;Bahnhofplatz 5;öffentlich
47.421868524884296,9.36979019076993;"{""coordinates"": [9.36979019076993, 47.421868524884296], ""type"": ""Point""}";P nur Velo;ungedeckt;Gäbrisstrasse;öffentlich
47.424483719937314,9.372227115948098;"{""coordinates"": [9.372227115948098, 47.424483719937314], ""type"": ""Point""}";P nur Velo;ungedeckt;Poststrasse 18;öffentlich
47.426174456934554,9.375266591290785;"{""coordinates"": [9.375266591290785, 47.426174456934554], ""type"": ""Point""}";P nur Velo;ungedeckt;Marktplatz 16;öffentlich
47.417630224807844,9.351024553722393;"{""coordinates"": [9.351024553722393, 47.417630224807844], ""type"": ""Point""}";Keine Signalisierung;gedeckt;Zürcher Strasse 65;öffentlich
47.40350535000586,9.334366492749368;"{""coordinates"": [9.334366492749368, 47.40350535000586], ""type"": ""Point""}";Keine Signalisierung;gedeckt;Wolfgangstrasse 15;öffentlich
47.43468468812496,9.411292998072938;"{""coordinates"": [9.411292998072938, 47.43468468812496], ""type"": ""Point""}";P nur Velo;gedeckt;Oberhaldenstrasse 15;öffentlich
47.41202850564084,9.332802433411384;"{""coordinates"": [9.332802433411384, 47.41202850564084], ""type"": ""Point""}";P nur Velo;ungedeckt;Zürcher Strasse 226;öffentlich
47.4024102428405,9.29907678842536;"{""coordinates"": [9.29907678842536, 47.4024102428405], ""type"": ""Point""}";Keine Signalisierung;gedeckt;Gsellstrasse 8;öffentlich
47.430238343099695,9.396476634062433;"{""coordinates"": [9.396476634062433, 47.430238343099695], ""type"": ""Point""}";P nur Velo;gedeckt;Flurhofstrasse 77;öffentlich
47.42025700855599,9.35396584300566;"{""coordinates"": [9.35396584300566, 47.42025700855599], ""type"": ""Point""}";P nur Velo;gedeckt;Ulmenstrasse 11;öffentlich
47.41947454113817,9.368845200425515;"{""coordinates"": [9.368845200425515, 47.41947454113817], ""type"": ""Point""}";P nur Velo;gedeckt;Pestalozziweg;öffentlich
47.42596226166923,9.377259878298286;"{""coordinates"": [9.377259878298286, 47.42596226166923], ""type"": ""Point""}";Keine Signalisierung;ungedeckt;Scherrerplatz;öffentlich
47.41799788003211,9.38244263421679;"{""coordinates"": [9.38244263421679, 47.41799788003211], ""type"": ""Point""}";;ungedeckt;Hebelstrasse 12;öffentlich
47.42058548446466,9.371080149133785;"{""coordinates"": [9.371080149133785, 47.42058548446466], ""type"": ""Point""}";P nur Velo;ungedeckt;Teufener Strasse 10;öffentlich
47.40927893456095,9.304236895048005;"{""coordinates"": [9.304236895048005, 47.40927893456095], ""type"": ""Point""}";P nur Zweiradfahrzeuge;gedeckt;Zürcher Strasse 462;öffentlich
47.414431257177434,9.312526486883325;"{""coordinates"": [9.312526486883325, 47.414431257177434], ""type"": ""Point""}";Keine Signalisierung;gedeckt;Gaiserwaldstrasse 2;öffentlich
47.4150306539654,9.314113498834736;"{""coordinates"": [9.314113498834736, 47.4150306539654], ""type"": ""Point""}";Keine Signalisierung;ungedeckt;Gaiserwaldstrasse 6;öffentlich
47.427217404123205,9.375100631331538;"{""coordinates"": [9.375100631331538, 47.427217404123205], ""type"": ""Point""}";Keine Signalisierung;ungedeckt;Kirchgasse 2;öffentlich
47.426071116812345,9.377221739319193;"{""coordinates"": [9.377221739319193, 47.426071116812345], ""type"": ""Point""}";P nur Velo;gedeckt;Brühlgasse 1;öffentlich
47.4075487897066,9.337727427299884;"{""coordinates"": [9.337727427299884, 47.4075487897066], ""type"": ""Point""}";Keine Signalisierung;gedeckt;Hechtackerstrasse 11;öffentlich
47.41269202299718,9.340877767331577;"{""coordinates"": [9.340877767331577, 47.41269202299718], ""type"": ""Point""}";Keine Signalisierung;gedeckt;Lerchenfeldstrasse 5;öffentlich
47.41520773017489,9.341516935889782;"{""coordinates"": [9.341516935889782, 47.41520773017489], ""type"": ""Point""}";P nur Zweiradfahrzeuge;ungedeckt;Zürcher Strasse 152;öffentlich
47.414035265825255,9.356927150574009;"{""coordinates"": [9.356927150574009, 47.414035265825255], ""type"": ""Point""}";Keine Signalisierung;ungedeckt;Oberstrasse 149;öffentlich
47.42006539617646,9.366868363074735;"{""coordinates"": [9.366868363074735, 47.42006539617646], ""type"": ""Point""}";Keine Signalisierung;ungedeckt;Vadianstrasse 57;öffentlich
47.4197343877799,9.36759269180657;"{""coordinates"": [9.36759269180657, 47.4197343877799], ""type"": ""Point""}";Keine Signalisierung;ungedeckt;Davidstrasse 40;öffentlich
47.42325029304729,9.373834655675878;"{""coordinates"": [9.373834655675878, 47.42325029304729], ""type"": ""Point""}";Keine Signalisierung;ungedeckt;Seidenhofstrasse;öffentlich
47.42410630664355,9.379757654316728;"{""coordinates"": [9.379757654316728, 47.42410630664355], ""type"": ""Point""}";Keine Signalisierung;ungedeckt;Moosbruggstrasse 1;öffentlich
47.426851463435185,9.380132523485244;"{""coordinates"": [9.380132523485244, 47.426851463435185], ""type"": ""Point""}";Keine Signalisierung;gedeckt;Museumstrasse 24;öffentlich
47.42895028765269,9.381898916655105;"{""coordinates"": [9.381898916655105, 47.42895028765269], ""type"": ""Point""}";P nur Velo;ungedeckt;Notkerstrasse 22;öffentlich
47.42859226524537,9.382712324917833;"{""coordinates"": [9.382712324917833, 47.42859226524537], ""type"": ""Point""}";Keine Signalisierung;ungedeckt;Museumstrasse 50;öffentlich
47.43855639811014,9.37710995938931;"{""coordinates"": [9.37710995938931, 47.43855639811014], ""type"": ""Point""}";Keine Signalisierung;ungedeckt;Steinbockstrasse 1;öffentlich
47.429694668933635,9.393316557308905;"{""coordinates"": [9.393316557308905, 47.429694668933635], ""type"": ""Point""}";P nur Velo;gedeckt;Grossackerstrasse 7;öffentlich
47.43463688575049,9.393847376264961;"{""coordinates"": [9.393847376264961, 47.43463688575049], ""type"": ""Point""}";Keine Signalisierung;gedeckt;Untere Lindentalstrasse 6;öffentlich
47.43739915785768,9.40628892739944;"{""coordinates"": [9.40628892739944, 47.43739915785768], ""type"": ""Point""}";Keine Signalisierung;gedeckt;Rorschacher Strasse 250;öffentlich
47.411711618904896,9.367024160534816;"{""coordinates"": [9.367024160534816, 47.411711618904896], ""type"": ""Point""}";Keine Signalisierung;ungedeckt;Riethüslistrasse 6;öffentlich
47.4315139520405,9.375934145827166;"{""coordinates"": [9.375934145827166, 47.4315139520405], ""type"": ""Point""}";Keine Signalisierung;gedeckt;Dufourstrasse 48;öffentlich
47.42128417535968,9.37694194786996;"{""coordinates"": [9.37694194786996, 47.42128417535968], ""type"": ""Point""}";P nur Zweiradfahrzeuge;ungedeckt;Felsenstrasse 24;öffentlich
47.423253196637795,9.390563923844569;"{""coordinates"": [9.390563923844569, 47.423253196637795], ""type"": ""Point""}";Keine Signalisierung;ungedeckt;Dreilindenstrasse 50;öffentlich
47.42495989251738,9.383593359826968;"{""coordinates"": [9.383593359826968, 47.42495989251738], ""type"": ""Point""}";Keine Signalisierung;ungedeckt;Linsebühlstrasse 72;öffentlich
47.42199737511344,9.374872852963803;"{""coordinates"": [9.374872852963803, 47.42199737511344], ""type"": ""Point""}";P nur Velo;ungedeckt;Oberer Graben 45;öffentlich
47.42709657999361,9.375128888912284;"{""coordinates"": [9.375128888912284, 47.42709657999361], ""type"": ""Point""}";Keine Signalisierung;ungedeckt;Metzgergasse 24;öffentlich
47.41999311347811,9.368176629005042;"{""coordinates"": [9.368176629005042, 47.41999311347811], ""type"": ""Point""}";Keine Signalisierung;ungedeckt;Davidstrasse 40;öffentlich
47.41495114009393,9.365531550942725;"{""coordinates"": [9.365531550942725, 47.41495114009393], ""type"": ""Point""}";Keine Signalisierung;ungedeckt;Fellenbergstrasse 72;öffentlich
47.43531296895423,9.386089890908043;"{""coordinates"": [9.386089890908043, 47.43531296895423], ""type"": ""Point""}";Keine Signalisierung;ungedeckt;Langgasse 20;öffentlich
47.434224505306446,9.384670404221739;"{""coordinates"": [9.384670404221739, 47.434224505306446], ""type"": ""Point""}";Keine Signalisierung;ungedeckt;Langgasse 8;öffentlich
47.43010929484715,9.38577757536645;"{""coordinates"": [9.38577757536645, 47.43010929484715], ""type"": ""Point""}";Keine Signalisierung;ungedeckt;Rorschacher Strasse 95;öffentlich
47.42989869884931,9.387446920755895;"{""coordinates"": [9.387446920755895, 47.42989869884931], ""type"": ""Point""}";P nur Velo;gedeckt;Rorschacher Strasse 95;öffentlich
47.430252464514595,9.388842019960304;"{""coordinates"": [9.388842019960304, 47.430252464514595], ""type"": ""Point""}";Keine Signalisierung;ungedeckt;Rorschacher Strasse 95;öffentlich
47.43824579452251,9.396196065601913;"{""coordinates"": [9.396196065601913, 47.43824579452251], ""type"": ""Point""}";;ungedeckt;Heiligkreuzstrasse 16;öffentlich
47.419559339778004,9.383821478295317;"{""coordinates"": [9.383821478295317, 47.419559339778004], ""type"": ""Point""}";P nur Zweiradfahrzeuge;ungedeckt;Gessnerstrasse 26;öffentlich
47.42208389898114,9.36994964035201;"{""coordinates"": [9.36994964035201, 47.42208389898114], ""type"": ""Point""}";P nur Velo;ungedeckt;St.Leonhard-Strasse 39;öffentlich
47.42475241271313,9.372941730168812;"{""coordinates"": [9.372941730168812, 47.42475241271313], ""type"": ""Point""}";P nur Velo;ungedeckt;Poststrasse 12;öffentlich
47.41182955114693,9.334199750571377;"{""coordinates"": [9.334199750571377, 47.41182955114693], ""type"": ""Point""}";Keine Signalisierung;gedeckt;Engelwiesstrasse 1;öffentlich
47.40799907266442,9.33881985057144;"{""coordinates"": [9.33881985057144, 47.40799907266442], ""type"": ""Point""}";Keine Signalisierung;gedeckt;Hechtackerstrasse 11;öffentlich
47.424192452056495,9.378159158327023;"{""coordinates"": [9.378159158327023, 47.424192452056495], ""type"": ""Point""}";Keine Signalisierung;ungedeckt;Zeughausgasse 6;öffentlich
47.415237008257996,9.388778702809887;"{""coordinates"": [9.388778702809887, 47.415237008257996], ""type"": ""Point""}";P nur Velo;gedeckt;St.Georgen-Strasse 141;öffentlich
47.43695817642136,9.392887532234386;"{""coordinates"": [9.392887532234386, 47.43695817642136], ""type"": ""Point""}";P nur Velo;gedeckt;Spyristrasse 10;öffentlich
47.436888263345026,9.393431280203444;"{""coordinates"": [9.393431280203444, 47.436888263345026], ""type"": ""Point""}";P nur Velo;ungedeckt;Buchwaldstrasse 12;öffentlich
47.41187540354659,9.333300817357204;"{""coordinates"": [9.333300817357204, 47.41187540354659], ""type"": ""Point""}";P nur Velo;gedeckt;Zürcher Strasse 226;öffentlich
47.42177918989826,9.350906069197881;"{""coordinates"": [9.350906069197881, 47.42177918989826], ""type"": ""Point""}";P nur Velo;ungedeckt;Rosenfeldweg 9;öffentlich
47.43083457668957,9.396017998594571;"{""coordinates"": [9.396017998594571, 47.43083457668957], ""type"": ""Point""}";P nur Velo;ungedeckt;Falkensteinstrasse 11;öffentlich
47.423478752176486,9.371512009054378;"{""coordinates"": [9.371512009054378, 47.423478752176486], ""type"": ""Point""}";P nur Velo;ungedeckt;Merkurstrasse 3;öffentlich
47.407584901597296,9.309688154980533;"{""coordinates"": [9.309688154980533, 47.407584901597296], ""type"": ""Point""}";Keine Signalisierung;gedeckt;Moosgartenweg;öffentlich
47.42203919964972,9.369238091603362;"{""coordinates"": [9.369238091603362, 47.42203919964972], ""type"": ""Point""}";P nur Velo;ungedeckt;Bahnhofplatz 7;öffentlich
47.439607371779715,9.380076911307402;"{""coordinates"": [9.380076911307402, 47.439607371779715], ""type"": ""Point""}";Keine Signalisierung;ungedeckt;Guisanstrasse 94;öffentlich
47.419742704396405,9.370181995135567;"{""coordinates"": [9.370181995135567, 47.419742704396405], ""type"": ""Point""}";P nur Velo;ungedeckt;Teufener Strasse 23;öffentlich
47.40270940996917,9.302004304879764;"{""coordinates"": [9.302004304879764, 47.40270940996917], ""type"": ""Point""}";Keine Signalisierung;gedeckt;Herisauer Strasse 75;öffentlich
47.40633472317003,9.305264246685638;"{""coordinates"": [9.305264246685638, 47.40633472317003], ""type"": ""Point""}";Keine Signalisierung;gedeckt;Herisauer Strasse 5;öffentlich
47.40837032975632,9.306996250739266;"{""coordinates"": [9.306996250739266, 47.40837032975632], ""type"": ""Point""}";Keine Signalisierung;gedeckt;Zürcher Strasse 460;öffentlich
47.414834112613946,9.313013979466321;"{""coordinates"": [9.313013979466321, 47.414834112613946], ""type"": ""Point""}";Keine Signalisierung;gedeckt;Gaiserwaldstrasse 2;öffentlich
47.427931875090884,9.377231418655148;"{""coordinates"": [9.377231418655148, 47.427931875090884], ""type"": ""Point""}";Keine Signalisierung;gedeckt;Goliathgasse 25;öffentlich
47.42754154105377,9.377685152755651;"{""coordinates"": [9.377685152755651, 47.42754154105377], ""type"": ""Point""}";P nur Zweiradfahrzeuge;ungedeckt;Schwertgasse 22;öffentlich
47.409624691323394,9.331661064307854;"{""coordinates"": [9.331661064307854, 47.409624691323394], ""type"": ""Point""}";Keine Signalisierung;gedeckt;Fürstenlandstrasse 180;öffentlich
47.41281090392772,9.334801292781119;"{""coordinates"": [9.334801292781119, 47.41281090392772], ""type"": ""Point""}";Keine Signalisierung;ungedeckt;Zürcher Strasse 204e;öffentlich
47.41322356748814,9.340036278722213;"{""coordinates"": [9.340036278722213, 47.41322356748814], ""type"": ""Point""}";P nur Velo;gedeckt;Lerchenfeldstrasse 11;öffentlich
47.41677754216086,9.353413185172807;"{""coordinates"": [9.353413185172807, 47.41677754216086], ""type"": ""Point""}";Keine Signalisierung;ungedeckt;Burgstrasse 102;öffentlich
47.425865356082014,9.360729531169328;"{""coordinates"": [9.360729531169328, 47.425865356082014], ""type"": ""Point""}";Keine Signalisierung;ungedeckt;Schorenstrasse 42;öffentlich
47.41905666037597,9.36750565940807;"{""coordinates"": [9.36750565940807, 47.41905666037597], ""type"": ""Point""}";Keine Signalisierung;ungedeckt;Unterstrasse 30;öffentlich
47.41953767213726,9.368714125897814;"{""coordinates"": [9.368714125897814, 47.41953767213726], ""type"": ""Point""}";Keine Signalisierung;ungedeckt;Unterstrasse 22;öffentlich
47.42556939844696,9.372448002462995;"{""coordinates"": [9.372448002462995, 47.42556939844696], ""type"": ""Point""}";Keine Signalisierung;ungedeckt;Bahnhofstrasse 10;öffentlich
47.423960072817486,9.373223084817011;"{""coordinates"": [9.373223084817011, 47.423960072817486], ""type"": ""Point""}";P nur Velo;gedeckt;Hintere Schützengasse 2;öffentlich
47.42119579302644,9.374360984778447;"{""coordinates"": [9.374360984778447, 47.42119579302644], ""type"": ""Point""}";Keine Signalisierung;ungedeckt;Kapellenstrasse 3;öffentlich
47.422913986454084,9.378731273241817;"{""coordinates"": [9.378731273241817, 47.422913986454084], ""type"": ""Point""}";Keine Signalisierung;ungedeckt;Moosbruggstrasse 21;öffentlich
47.42534269283098,9.379475742284468;"{""coordinates"": [9.379475742284468, 47.42534269283098], ""type"": ""Point""}";P nur Zweiradfahrzeuge;ungedeckt;Burggraben 21;öffentlich
47.428806856852866,9.381098432052323;"{""coordinates"": [9.381098432052323, 47.428806856852866], ""type"": ""Point""}";Keine Signalisierung;ungedeckt;Notkerstrasse 20;öffentlich
47.42865095712839,9.381335165804476;"{""coordinates"": [9.381335165804476, 47.42865095712839], ""type"": ""Point""}";Keine Signalisierung;gedeckt;Notkerstrasse 20;öffentlich
47.42531862734456,9.381799567936898;"{""coordinates"": [9.381799567936898, 47.42531862734456], ""type"": ""Point""}";P nur Velo;ungedeckt;Lämmlisbrunnenstrasse 41;öffentlich
47.437726779184324,9.376218931316238;"{""coordinates"": [9.376218931316238, 47.437726779184324], ""type"": ""Point""}";Keine Signalisierung;gedeckt;Holzstrasse 15a;öffentlich
47.437578017426866,9.412317727884735;"{""coordinates"": [9.412317727884735, 47.437578017426866], ""type"": ""Point""}";Keine Signalisierung;gedeckt;Favrestrasse 6;öffentlich
47.43500159727975,9.412864633730162;"{""coordinates"": [9.412864633730162, 47.43500159727975], ""type"": ""Point""}";Keine Signalisierung;gedeckt;Oberhaldenstrasse 25;öffentlich
47.4318528017776,9.373965199800061;"{""coordinates"": [9.373965199800061, 47.4318528017776], ""type"": ""Point""}";Keine Signalisierung;ungedeckt;Dufourstrasse 50;öffentlich
47.4283280362204,9.375127478153535;"{""coordinates"": [9.375127478153535, 47.4283280362204], ""type"": ""Point""}";Keine Signalisierung;ungedeckt;Müller-Friedberg-Strasse 8;öffentlich
47.42906959607685,9.385989629403559;"{""coordinates"": [9.385989629403559, 47.42906959607685], ""type"": ""Point""}";Keine Signalisierung;gedeckt;Volksbadstrasse 24;öffentlich
47.428985478255804,9.38939642131184;"{""coordinates"": [9.38939642131184, 47.428985478255804], ""type"": ""Point""}";P nur Velo;gedeckt;Rorschacher Strasse 94;öffentlich
47.437647547984845,9.39487597349824;"{""coordinates"": [9.39487597349824, 47.437647547984845], ""type"": ""Point""}";Keine Signalisierung;ungedeckt;Hodlerstrasse 2;öffentlich
47.420149021208175,9.369508559193186;"{""coordinates"": [9.369508559193186, 47.420149021208175], ""type"": ""Point""}";Keine Signalisierung;gedeckt;Davidstrasse 25;öffentlich
47.42600560396018,9.380700810441452;"{""coordinates"": [9.380700810441452, 47.42600560396018], ""type"": ""Point""}";Keine Signalisierung;ungedeckt;Burggraben 21;öffentlich
47.42952946909552,9.383119077633772;"{""coordinates"": [9.383119077633772, 47.42952946909552], ""type"": ""Point""}";Keine Signalisierung;gedeckt;Notkerstrasse 24;öffentlich
47.43682487241558,9.409082662524044;"{""coordinates"": [9.409082662524044, 47.43682487241558], ""type"": ""Point""}";Keine Signalisierung;gedeckt;Martinsbruggstrasse 25;öffentlich
47.43059926805877,9.372574021909536;"{""coordinates"": [9.372574021909536, 47.43059926805877], ""type"": ""Point""}";Keine Signalisierung;gedeckt;Höhenweg 14;öffentlich
47.42372421454316,9.36931175164695;"{""coordinates"": [9.36931175164695, 47.42372421454316], ""type"": ""Point""}";Keine Signalisierung;gedeckt;Rosenbergstrasse 51;öffentlich
47.43578776314348,9.391733113258502;"{""coordinates"": [9.391733113258502, 47.43578776314348], ""type"": ""Point""}";Keine Signalisierung;gedeckt;Bachstrasse 29;öffentlich
47.42402964567967,9.376678979394555;"{""coordinates"": [9.376678979394555, 47.42402964567967], ""type"": ""Point""}";P nur Zweiradfahrzeuge;ungedeckt;Gallusstrasse 30;öffentlich
47.42410077390181,9.369520326371473;"{""coordinates"": [9.369520326371473, 47.42410077390181], ""type"": ""Point""}";Keine Signalisierung;gedeckt;Rosenbergstrasse 38;öffentlich
47.429572083434806,9.38043881288279;"{""coordinates"": [9.38043881288279, 47.429572083434806], ""type"": ""Point""}";P nur Zweiradfahrzeuge;ungedeckt;Sonnenstrasse 9;öffentlich
47.41787993518147,9.359700180793844;"{""coordinates"": [9.359700180793844, 47.41787993518147], ""type"": ""Point""}";Keine Signalisierung;ungedeckt;Grenzstrasse 1;öffentlich
47.42287454370717,9.37400717686478;"{""coordinates"": [9.37400717686478, 47.42287454370717], ""type"": ""Point""}";P nur Zweiradfahrzeuge;ungedeckt;Seidenhofstrasse;öffentlich
47.42423315531747,9.385318052192838;"{""coordinates"": [9.385318052192838, 47.42423315531747], ""type"": ""Point""}";Keine Signalisierung;ungedeckt;Wildeggstrasse 39;öffentlich
47.420682052750685,9.35582779850351;"{""coordinates"": [9.35582779850351, 47.420682052750685], ""type"": ""Point""}";Keine Signalisierung;ungedeckt;Andreasstrasse 5;öffentlich
47.440914900973596,9.394680463996407;"{""coordinates"": [9.394680463996407, 47.440914900973596], ""type"": ""Point""}";Keine Signalisierung;ungedeckt;Domänenstrasse 5;öffentlich
47.42995531621144,9.387434961912076;"{""coordinates"": [9.387434961912076, 47.42995531621144], ""type"": ""Point""}";Keine Signalisierung;ungedeckt;Rorschacher Strasse 95;öffentlich
47.42980161497131,9.389067548102439;"{""coordinates"": [9.389067548102439, 47.42980161497131], ""type"": ""Point""}";Keine Signalisierung;gedeckt;Rorschacher Strasse 95;öffentlich
47.43952040886696,9.409040250571014;"{""coordinates"": [9.409040250571014, 47.43952040886696], ""type"": ""Point""}";P nur Velo;ungedeckt;Rorschacher Strasse 263;öffentlich
47.439705509317065,9.408697572277353;"{""coordinates"": [9.408697572277353, 47.439705509317065], ""type"": ""Point""}";;gedeckt;Rorschacher Strasse 263;öffentlich
47.42562518730017,9.374778721392746;"{""coordinates"": [9.374778721392746, 47.42562518730017], ""type"": ""Point""}";P nur Velo;ungedeckt;Marktplatz 11;öffentlich
47.41660677309504,9.347665543570375;"{""coordinates"": [9.347665543570375, 47.41660677309504], ""type"": ""Point""}";Keine Signalisierung;ungedeckt;Schönaustrasse 82;öffentlich
47.40410205125189,9.339369881845732;"{""coordinates"": [9.339369881845732, 47.40410205125189], ""type"": ""Point""}";Keine Signalisierung;ungedeckt;Oberstrasse 300;öffentlich
47.42530872100787,9.375871678340966;"{""coordinates"": [9.375871678340966, 47.42530872100787], ""type"": ""Point""}";Keine Signalisierung;gedeckt;Neugasse 1;öffentlich
47.41078335115477,9.334234689724665;"{""coordinates"": [9.334234689724665, 47.41078335115477], ""type"": ""Point""}";P nur Velo;gedeckt;Zürcher Strasse 223;öffentlich
47.428007845241545,9.378154784441527;"{""coordinates"": [9.378154784441527, 47.428007845241545], ""type"": ""Point""}";P nur Velo;gedeckt;Unterer Brühl 1;öffentlich
47.421394780124466,9.37279495380752;"{""coordinates"": [9.37279495380752, 47.421394780124466], ""type"": ""Point""}";P nur Velo;gedeckt;Gartenstrasse 13;öffentlich
47.42826318108299,9.378983659062634;"{""coordinates"": [9.378983659062634, 47.42826318108299], ""type"": ""Point""}";P nur Velo;ungedeckt;Unterer Brühl 3;öffentlich
47.422217643973966,9.373055222905728;"{""coordinates"": [9.373055222905728, 47.422217643973966], ""type"": ""Point""}";P nur Zweiradfahrzeuge;ungedeckt;Frongartenstrasse 15;öffentlich
47.420870126277954,9.368836895917955;"{""coordinates"": [9.368836895917955, 47.420870126277954], ""type"": ""Point""}";Keine Signalisierung;ungedeckt;Vadianstrasse 49;öffentlich
47.41678218843365,9.349175496671881;"{""coordinates"": [9.349175496671881, 47.41678218843365], ""type"": ""Point""}";Keine Signalisierung;ungedeckt;Zürcher Strasse 67;öffentlich
47.42175830763039,9.370817126692652;"{""coordinates"": [9.370817126692652, 47.42175830763039], ""type"": ""Point""}";P nur Velo;gedeckt;Vadianstrasse 29;öffentlich
47.42466772589129,9.372716763886551;"{""coordinates"": [9.372716763886551, 47.42466772589129], ""type"": ""Point""}";Keine Signalisierung;ungedeckt;Poststrasse 14;öffentlich
